profile,layer,key,icon,title,shortcut
Default,Default,1,^Z,Rückgängig,
Default,Default,2,^Y,Wiederholen,
Default,Default,3,^C,Kopieren,
Default,Default,4,^V,Einfügen,
Default,Default,5,E,Extrude,
Default,Default,6,S,Sketch,
Default,Default,7,P,Press/Pull,
Default,Default,8,F,Fillet,
Default,Default,9,F6,Ansicht,
Default,Default,10,L,Line,
Default,Default,11,C,Circle,
Default,Default,12,▲,Layer +,
KiCad,Default,1,,,
KiCad,Default,2,,,
KiCad,Default,3,,,
KiCad,Default,4,,,
KiCad,Default,5,,,
KiCad,Default,6,,,
KiCad,Default,7,,,
KiCad,Default,8,,,
KiCad,Default,9,,,
KiCad,Default,10,,,
KiCad,Default,11,,,
KiCad,Default,12,,,
Test,Default,1,,,
Test,Default,2,,,
Test,Default,3,,,
Test,Default,4,,,
Test,Default,5,,,
Test,Default,6,,,
Test,Default,7,⏵,Play,g
Test,Default,8,,,
Test,Default,9,,,
Test,Default,10,,,
Test,Default,11,,,
Test,Default,12,,,
